[
	{
		"name" : "chicken-kebab",
		"recipe" : [ { "ingred" : {"name" : "chicken"}, "amount" : 18},
					 { "ingred" : {"name" : "paprika"} , "amount" : 1},
					 { "ingred" : {"name" : "black-pepper"} ,"amount" : 1},
					 { "ingred" : {"name" : "rice"} , "amount" : 12}
				]
	},
	{
		"name" : "chicken-wings",
		"recipe" : [ { "ingred" : {"name" : "chicken"}, "amount" : 25},
					 { "ingred" : {"name" : "soy-sauce"} , "amount" : 3},
					 { "ingred" : {"name" : "black-pepper"} ,"amount" : 1},
					 { "ingred" : {"name" : "ginger"} , "amount" : 4}
				]
	}
]